<?xml version="1.0" encoding="UTF-8"?>
<GenRun Id="synth_1" LaunchPart="xc7a100tcsg324-1" LaunchTime="1509583590">
  <File Type="RDS-PROPCONSTRS" Name="register_top_drc_synth.rpt"/>
  <File Type="PA-TCL" Name="register_top.tcl"/>
  <File Type="RDS-RDS" Name="register_top.vds"/>
  <File Type="RDS-UTIL" Name="register_top_utilization_synth.rpt"/>
  <File Type="RDS-UTIL-PB" Name="register_top_utilization_synth.pb"/>
  <File Type="RDS-DCP" Name="register_top.dcp"/>
  <File Type="VDS-TIMINGSUMMARY" Name="register_top_timing_summary_synth.rpt"/>
  <File Type="VDS-TIMING-PB" Name="register_top_timing_summary_synth.pb"/>
  <FileSet Name="sources" Type="DesignSrcs" RelSrcDir="$PSRCDIR/sources_1">
    <Filter Type="Srcs"/>
    <File Path="$PSRCDIR/sources_1/imports/Lab 7/register4.v">
      <FileInfo>
        <Attr Name="ImportPath" Val="$PPRDIR/../register4.v"/>
        <Attr Name="ImportTime" Val="1509064850"/>
        <Attr Name="UsedIn" Val="synthesis"/>
        <Attr Name="UsedIn" Val="implementation"/>
        <Attr Name="UsedIn" Val="simulation"/>
      </FileInfo>
    </File>
    <File Path="$PPRDIR/../../Lab 4/seven_segment.v">
      <FileInfo>
        <Attr Name="UsedIn" Val="synthesis"/>
        <Attr Name="UsedIn" Val="implementation"/>
        <Attr Name="UsedIn" Val="simulation"/>
      </FileInfo>
    </File>
    <File Path="$PSRCDIR/sources_1/imports/Lab 7/register_file_8x4.v">
      <FileInfo>
        <Attr Name="ImportPath" Val="$PPRDIR/../register_file_8x4.v"/>
        <Attr Name="ImportTime" Val="1509502517"/>
        <Attr Name="UsedIn" Val="synthesis"/>
        <Attr Name="UsedIn" Val="implementation"/>
        <Attr Name="UsedIn" Val="simulation"/>
      </FileInfo>
    </File>
    <File Path="$PPRDIR/../register_top.v">
      <FileInfo>
        <Attr Name="UsedIn" Val="synthesis"/>
        <Attr Name="UsedIn" Val="implementation"/>
        <Attr Name="UsedIn" Val="simulation"/>
      </FileInfo>
    </File>
    <Config>
      <Option Name="DesignMode" Val="RTL"/>
      <Option Name="TopModule" Val="register_top"/>
      <Option Name="TopAutoSet" Val="TRUE"/>
    </Config>
  </FileSet>
  <FileSet Name="constrs_in" Type="Constrs" RelSrcDir="$PSRCDIR/constrs_1">
    <Filter Type="Constrs"/>
    <File Path="$PPRDIR/../nexys4_220.xdc">
      <FileInfo>
        <Attr Name="UsedIn" Val="synthesis"/>
        <Attr Name="UsedIn" Val="implementation"/>
      </FileInfo>
    </File>
    <Config>
      <Option Name="ConstrsType" Val="XDC"/>
    </Config>
  </FileSet>
  <Strategy Version="1" Minor="2">
    <StratHandle Name="Vivado Synthesis Defaults" Flow="Vivado Synthesis 2016"/>
    <Step Id="synth_design"/>
  </Strategy>
</GenRun>
