<?xml version="1.0" encoding="UTF-8"?>
<GenRun Id="impl_1" LaunchPart="xc7a100tcsg324-1" LaunchTime="1509060429">
  <File Type="PWROPT-DRC" Name="Dataflow_drc_pwropted.rpt"/>
  <File Type="OPT-METHODOLOGY-DRC" Name="Dataflow_methodology_drc_opted.rpt"/>
  <File Type="INIT-TIMING" Name="Dataflow_timing_summary_init.rpt"/>
  <File Type="ROUTE-PWR-RPX" Name="Dataflow_power_routed.rpx"/>
  <File Type="PA-TCL" Name="Dataflow.tcl"/>
  <File Type="OPT-HWDEF" Name="Dataflow.hwdef"/>
  <File Type="RDI-RDI" Name="Dataflow.vdi"/>
  <File Type="OPT-DCP" Name="Dataflow_opt.dcp"/>
  <File Type="OPT-DRC" Name="Dataflow_drc_opted.rpt"/>
  <File Type="OPT-TIMING" Name="Dataflow_timing_summary_opted.rpt"/>
  <File Type="PWROPT-DCP" Name="Dataflow_pwropt.dcp"/>
  <File Type="PWROPT-TIMING" Name="Dataflow_timing_summary_pwropted.rpt"/>
  <File Type="PLACE-DCP" Name="Dataflow_placed.dcp"/>
  <File Type="PLACE-IO" Name="Dataflow_io_placed.rpt"/>
  <File Type="PLACE-CLK" Name="Dataflow_clock_utilization_placed.rpt"/>
  <File Type="PLACE-UTIL" Name="Dataflow_utilization_placed.rpt"/>
  <File Type="PLACE-UTIL-PB" Name="Dataflow_utilization_placed.pb"/>
  <File Type="PLACE-CTRL" Name="Dataflow_control_sets_placed.rpt"/>
  <File Type="PLACE-SIMILARITY" Name="Dataflow_incremental_reuse_placed.rpt"/>
  <File Type="PLACE-PRE-SIMILARITY" Name="Dataflow_incremental_reuse_pre_placed.rpt"/>
  <File Type="PLACE-TIMING" Name="Dataflow_timing_summary_placed.rpt"/>
  <File Type="POSTPLACE-PWROPT-DCP" Name="Dataflow_postplace_pwropt.dcp"/>
  <File Type="POSTPLACE-PWROPT-TIMING" Name="Dataflow_timing_summary_postplace_pwropted.rpt"/>
  <File Type="PHYSOPT-DCP" Name="Dataflow_physopt.dcp"/>
  <File Type="PHYSOPT-DRC" Name="Dataflow_drc_physopted.rpt"/>
  <File Type="PHYSOPT-TIMING" Name="Dataflow_timing_summary_physopted.rpt"/>
  <File Type="ROUTE-ERROR-DCP" Name="Dataflow_routed_error.dcp"/>
  <File Type="ROUTE-DCP" Name="Dataflow_routed.dcp"/>
  <File Type="ROUTE-BLACKBOX-DCP" Name="Dataflow_routed_bb.dcp"/>
  <File Type="ROUTE-DRC" Name="Dataflow_drc_routed.rpt"/>
  <File Type="ROUTE-DRC-PB" Name="Dataflow_drc_routed.pb"/>
  <File Type="BG-BIN" Name="Dataflow.bin"/>
  <File Type="ROUTE-DRC-RPX" Name="Dataflow_drc_routed.rpx"/>
  <File Type="BG-DRC" Name="Dataflow.drc"/>
  <File Type="ROUTE-METHODOLOGY-DRC" Name="Dataflow_methodology_drc_routed.rpt"/>
  <File Type="BITSTR-MSK" Name="Dataflow.msk"/>
  <File Type="ROUTE-METHODOLOGY-DRC-RPX" Name="Dataflow_methodology_drc_routed.rpx"/>
  <File Type="BG-BGN" Name="Dataflow.bgn"/>
  <File Type="ROUTE-METHODOLOGY-DRC-PB" Name="Dataflow_methodology_drc_routed.pb"/>
  <File Type="ROUTE-PWR" Name="Dataflow_power_routed.rpt"/>
  <File Type="ROUTE-PWR-SUM" Name="Dataflow_power_summary_routed.pb"/>
  <File Type="ROUTE-STATUS" Name="Dataflow_route_status.rpt"/>
  <File Type="ROUTE-STATUS-PB" Name="Dataflow_route_status.pb"/>
  <File Type="ROUTE-TIMINGSUMMARY" Name="Dataflow_timing_summary_routed.rpt"/>
  <File Type="ROUTE-TIMING-PB" Name="Dataflow_timing_summary_routed.pb"/>
  <File Type="ROUTE-TIMING-RPX" Name="Dataflow_timing_summary_routed.rpx"/>
  <File Type="ROUTE-SIMILARITY" Name="Dataflow_incremental_reuse_routed.rpt"/>
  <File Type="ROUTE-CLK" Name="Dataflow_clock_utilization_routed.rpt"/>
  <File Type="POSTROUTE-PHYSOPT-DCP" Name="Dataflow_postroute_physopt.dcp"/>
  <File Type="POSTROUTE-PHYSOPT-BLACKBOX-DCP" Name="Dataflow_postroute_physopt_bb.dcp"/>
  <File Type="POSTROUTE-PHYSOPT-TIMING" Name="Dataflow_timing_summary_postroute_physopted.rpt"/>
  <File Type="POSTROUTE-PHYSOPT-TIMING-PB" Name="Dataflow_timing_summary_postroute_physopted.pb"/>
  <File Type="POSTROUTE-PHYSOPT-TIMING-RPX" Name="Dataflow_timing_summary_postroute_physopted.rpx"/>
  <File Type="BG-BIT" Name="Dataflow.bit"/>
  <File Type="BITSTR-RBT" Name="Dataflow.rbt"/>
  <File Type="BITSTR-NKY" Name="Dataflow.nky"/>
  <File Type="BITSTR-BMM" Name="Dataflow_bd.bmm"/>
  <File Type="BITSTR-MMI" Name="Dataflow.mmi"/>
  <File Type="BITSTR-SYSDEF" Name="Dataflow.sysdef"/>
  <File Type="WBT-USG" Name="usage_statistics_webtalk.html"/>
  <FileSet Name="sources" Type="DesignSrcs" RelSrcDir="$PSRCDIR/sources_1">
    <Filter Type="Srcs"/>
    <File Path="$PSRCDIR/sources_1/imports/Lab 4/seven_segment.v">
      <FileInfo>
        <Attr Name="ImportPath" Val="$PPRDIR/../../Lab 4/seven_segment.v"/>
        <Attr Name="ImportTime" Val="1508371614"/>
        <Attr Name="UsedIn" Val="synthesis"/>
        <Attr Name="UsedIn" Val="implementation"/>
        <Attr Name="UsedIn" Val="simulation"/>
      </FileInfo>
    </File>
    <File Path="$PSRCDIR/sources_1/imports/Lab 6/Dataflow_top.v">
      <FileInfo>
        <Attr Name="ImportPath" Val="$PPRDIR/../Dataflow_top.v"/>
        <Attr Name="ImportTime" Val="1508983053"/>
        <Attr Name="UsedIn" Val="synthesis"/>
        <Attr Name="UsedIn" Val="implementation"/>
        <Attr Name="UsedIn" Val="simulation"/>
      </FileInfo>
    </File>
    <File Path="$PSRCDIR/sources_1/imports/Lab 6/Add9 6.v">
      <FileInfo>
        <Attr Name="AutoDisabled" Val="1"/>
        <Attr Name="ImportPath" Val="$PPRDIR/../Add9 6.v"/>
        <Attr Name="ImportTime" Val="1508979265"/>
        <Attr Name="UsedIn" Val="synthesis"/>
        <Attr Name="UsedIn" Val="implementation"/>
        <Attr Name="UsedIn" Val="simulation"/>
      </FileInfo>
    </File>
    <Config>
      <Option Name="DesignMode" Val="RTL"/>
      <Option Name="TopModule" Val="Dataflow"/>
      <Option Name="TopAutoSet" Val="TRUE"/>
    </Config>
  </FileSet>
  <FileSet Name="constrs_in" Type="Constrs" RelSrcDir="$PSRCDIR/constrs_1">
    <Filter Type="Constrs"/>
    <File Path="$PSRCDIR/constrs_1/imports/Lab 6/nexys4_220.xdc">
      <FileInfo>
        <Attr Name="ImportPath" Val="$PPRDIR/../nexys4_220.xdc"/>
        <Attr Name="ImportTime" Val="1509057958"/>
        <Attr Name="UsedIn" Val="synthesis"/>
        <Attr Name="UsedIn" Val="implementation"/>
      </FileInfo>
    </File>
    <Config>
      <Option Name="ConstrsType" Val="XDC"/>
    </Config>
  </FileSet>
  <Strategy Version="1" Minor="2">
    <StratHandle Name="Vivado Implementation Defaults" Flow="Vivado Implementation 2016"/>
    <Step Id="init_design"/>
    <Step Id="opt_design"/>
    <Step Id="power_opt_design"/>
    <Step Id="place_design"/>
    <Step Id="post_place_power_opt_design"/>
    <Step Id="phys_opt_design"/>
    <Step Id="route_design"/>
    <Step Id="post_route_phys_opt_design"/>
    <Step Id="write_bitstream"/>
  </Strategy>
</GenRun>
