<?xml version="1.0" encoding="UTF-8"?>
<GenRun Id="synth_1" LaunchPart="xc7a100tcsg324-1" LaunchTime="1509060376">
  <File Type="RDS-PROPCONSTRS" Name="Dataflow_drc_synth.rpt"/>
  <File Type="PA-TCL" Name="Dataflow.tcl"/>
  <File Type="RDS-RDS" Name="Dataflow.vds"/>
  <File Type="RDS-UTIL" Name="Dataflow_utilization_synth.rpt"/>
  <File Type="RDS-UTIL-PB" Name="Dataflow_utilization_synth.pb"/>
  <File Type="RDS-DCP" Name="Dataflow.dcp"/>
  <File Type="VDS-TIMINGSUMMARY" Name="Dataflow_timing_summary_synth.rpt"/>
  <File Type="VDS-TIMING-PB" Name="Dataflow_timing_summary_synth.pb"/>
  <FileSet Name="sources" Type="DesignSrcs" RelSrcDir="$PSRCDIR/sources_1">
    <Filter Type="Srcs"/>
    <File Path="$PSRCDIR/sources_1/imports/Lab 4/seven_segment.v">
      <FileInfo>
        <Attr Name="ImportPath" Val="$PPRDIR/../../Lab 4/seven_segment.v"/>
        <Attr Name="ImportTime" Val="1508371614"/>
        <Attr Name="UsedIn" Val="synthesis"/>
        <Attr Name="UsedIn" Val="implementation"/>
        <Attr Name="UsedIn" Val="simulation"/>
      </FileInfo>
    </File>
    <File Path="$PSRCDIR/sources_1/imports/Lab 6/Dataflow_top.v">
      <FileInfo>
        <Attr Name="ImportPath" Val="$PPRDIR/../Dataflow_top.v"/>
        <Attr Name="ImportTime" Val="1508983053"/>
        <Attr Name="UsedIn" Val="synthesis"/>
        <Attr Name="UsedIn" Val="implementation"/>
        <Attr Name="UsedIn" Val="simulation"/>
      </FileInfo>
    </File>
    <File Path="$PSRCDIR/sources_1/imports/Lab 6/Add9 6.v">
      <FileInfo>
        <Attr Name="AutoDisabled" Val="1"/>
        <Attr Name="ImportPath" Val="$PPRDIR/../Add9 6.v"/>
        <Attr Name="ImportTime" Val="1508979265"/>
        <Attr Name="UsedIn" Val="synthesis"/>
        <Attr Name="UsedIn" Val="implementation"/>
        <Attr Name="UsedIn" Val="simulation"/>
      </FileInfo>
    </File>
    <Config>
      <Option Name="DesignMode" Val="RTL"/>
      <Option Name="TopModule" Val="Dataflow"/>
      <Option Name="TopAutoSet" Val="TRUE"/>
    </Config>
  </FileSet>
  <FileSet Name="constrs_in" Type="Constrs" RelSrcDir="$PSRCDIR/constrs_1">
    <Filter Type="Constrs"/>
    <File Path="$PSRCDIR/constrs_1/imports/Lab 6/nexys4_220.xdc">
      <FileInfo>
        <Attr Name="ImportPath" Val="$PPRDIR/../nexys4_220.xdc"/>
        <Attr Name="ImportTime" Val="1509057958"/>
        <Attr Name="UsedIn" Val="synthesis"/>
        <Attr Name="UsedIn" Val="implementation"/>
      </FileInfo>
    </File>
    <Config>
      <Option Name="ConstrsType" Val="XDC"/>
    </Config>
  </FileSet>
  <Strategy Version="1" Minor="2">
    <StratHandle Name="Vivado Synthesis Defaults" Flow="Vivado Synthesis 2016"/>
    <Step Id="synth_design"/>
  </Strategy>
</GenRun>
