<?xml version="1.0" encoding="UTF-8"?>
<GenRun Id="impl_1" LaunchPart="xc7a100tcsg324-1" LaunchTime="1510187602">
  <File Type="PWROPT-DRC" Name="SevenSegmentControlTop_drc_pwropted.rpt"/>
  <File Type="OPT-METHODOLOGY-DRC" Name="SevenSegmentControlTop_methodology_drc_opted.rpt"/>
  <File Type="INIT-TIMING" Name="SevenSegmentControlTop_timing_summary_init.rpt"/>
  <File Type="ROUTE-PWR-RPX" Name="SevenSegmentControlTop_power_routed.rpx"/>
  <File Type="PA-TCL" Name="SevenSegmentControlTop.tcl"/>
  <File Type="OPT-HWDEF" Name="SevenSegmentControlTop.hwdef"/>
  <File Type="RDI-RDI" Name="SevenSegmentControlTop.vdi"/>
  <File Type="OPT-DCP" Name="SevenSegmentControlTop_opt.dcp"/>
  <File Type="OPT-DRC" Name="SevenSegmentControlTop_drc_opted.rpt"/>
  <File Type="OPT-TIMING" Name="SevenSegmentControlTop_timing_summary_opted.rpt"/>
  <File Type="PWROPT-DCP" Name="SevenSegmentControlTop_pwropt.dcp"/>
  <File Type="PWROPT-TIMING" Name="SevenSegmentControlTop_timing_summary_pwropted.rpt"/>
  <File Type="PLACE-DCP" Name="SevenSegmentControlTop_placed.dcp"/>
  <File Type="PLACE-IO" Name="SevenSegmentControlTop_io_placed.rpt"/>
  <File Type="PLACE-CLK" Name="SevenSegmentControlTop_clock_utilization_placed.rpt"/>
  <File Type="PLACE-UTIL" Name="SevenSegmentControlTop_utilization_placed.rpt"/>
  <File Type="PLACE-UTIL-PB" Name="SevenSegmentControlTop_utilization_placed.pb"/>
  <File Type="PLACE-CTRL" Name="SevenSegmentControlTop_control_sets_placed.rpt"/>
  <File Type="PLACE-SIMILARITY" Name="SevenSegmentControlTop_incremental_reuse_placed.rpt"/>
  <File Type="PLACE-PRE-SIMILARITY" Name="SevenSegmentControlTop_incremental_reuse_pre_placed.rpt"/>
  <File Type="PLACE-TIMING" Name="SevenSegmentControlTop_timing_summary_placed.rpt"/>
  <File Type="POSTPLACE-PWROPT-DCP" Name="SevenSegmentControlTop_postplace_pwropt.dcp"/>
  <File Type="POSTPLACE-PWROPT-TIMING" Name="SevenSegmentControlTop_timing_summary_postplace_pwropted.rpt"/>
  <File Type="PHYSOPT-DCP" Name="SevenSegmentControlTop_physopt.dcp"/>
  <File Type="PHYSOPT-DRC" Name="SevenSegmentControlTop_drc_physopted.rpt"/>
  <File Type="PHYSOPT-TIMING" Name="SevenSegmentControlTop_timing_summary_physopted.rpt"/>
  <File Type="ROUTE-ERROR-DCP" Name="SevenSegmentControlTop_routed_error.dcp"/>
  <File Type="ROUTE-DCP" Name="SevenSegmentControlTop_routed.dcp"/>
  <File Type="ROUTE-BLACKBOX-DCP" Name="SevenSegmentControlTop_routed_bb.dcp"/>
  <File Type="ROUTE-DRC" Name="SevenSegmentControlTop_drc_routed.rpt"/>
  <File Type="ROUTE-DRC-PB" Name="SevenSegmentControlTop_drc_routed.pb"/>
  <File Type="BG-BIN" Name="SevenSegmentControlTop.bin"/>
  <File Type="ROUTE-DRC-RPX" Name="SevenSegmentControlTop_drc_routed.rpx"/>
  <File Type="BG-DRC" Name="SevenSegmentControlTop.drc"/>
  <File Type="ROUTE-METHODOLOGY-DRC" Name="SevenSegmentControlTop_methodology_drc_routed.rpt"/>
  <File Type="BITSTR-MSK" Name="SevenSegmentControlTop.msk"/>
  <File Type="ROUTE-METHODOLOGY-DRC-RPX" Name="SevenSegmentControlTop_methodology_drc_routed.rpx"/>
  <File Type="BG-BGN" Name="SevenSegmentControlTop.bgn"/>
  <File Type="ROUTE-METHODOLOGY-DRC-PB" Name="SevenSegmentControlTop_methodology_drc_routed.pb"/>
  <File Type="ROUTE-PWR" Name="SevenSegmentControlTop_power_routed.rpt"/>
  <File Type="ROUTE-PWR-SUM" Name="SevenSegmentControlTop_power_summary_routed.pb"/>
  <File Type="ROUTE-STATUS" Name="SevenSegmentControlTop_route_status.rpt"/>
  <File Type="ROUTE-STATUS-PB" Name="SevenSegmentControlTop_route_status.pb"/>
  <File Type="ROUTE-TIMINGSUMMARY" Name="SevenSegmentControlTop_timing_summary_routed.rpt"/>
  <File Type="ROUTE-TIMING-PB" Name="SevenSegmentControlTop_timing_summary_routed.pb"/>
  <File Type="ROUTE-TIMING-RPX" Name="SevenSegmentControlTop_timing_summary_routed.rpx"/>
  <File Type="ROUTE-SIMILARITY" Name="SevenSegmentControlTop_incremental_reuse_routed.rpt"/>
  <File Type="ROUTE-CLK" Name="SevenSegmentControlTop_clock_utilization_routed.rpt"/>
  <File Type="POSTROUTE-PHYSOPT-DCP" Name="SevenSegmentControlTop_postroute_physopt.dcp"/>
  <File Type="POSTROUTE-PHYSOPT-BLACKBOX-DCP" Name="SevenSegmentControlTop_postroute_physopt_bb.dcp"/>
  <File Type="POSTROUTE-PHYSOPT-TIMING" Name="SevenSegmentControlTop_timing_summary_postroute_physopted.rpt"/>
  <File Type="POSTROUTE-PHYSOPT-TIMING-PB" Name="SevenSegmentControlTop_timing_summary_postroute_physopted.pb"/>
  <File Type="POSTROUTE-PHYSOPT-TIMING-RPX" Name="SevenSegmentControlTop_timing_summary_postroute_physopted.rpx"/>
  <File Type="BG-BIT" Name="SevenSegmentControlTop.bit"/>
  <File Type="BITSTR-RBT" Name="SevenSegmentControlTop.rbt"/>
  <File Type="BITSTR-NKY" Name="SevenSegmentControlTop.nky"/>
  <File Type="BITSTR-BMM" Name="SevenSegmentControlTop_bd.bmm"/>
  <File Type="BITSTR-MMI" Name="SevenSegmentControlTop.mmi"/>
  <File Type="BITSTR-SYSDEF" Name="SevenSegmentControlTop.sysdef"/>
  <File Type="WBT-USG" Name="usage_statistics_webtalk.html"/>
  <FileSet Name="sources" Type="DesignSrcs" RelSrcDir="$PSRCDIR/sources_1">
    <Filter Type="Srcs"/>
    <File Path="$PPRDIR/../mux8x3.v">
      <FileInfo>
        <Attr Name="UsedIn" Val="synthesis"/>
        <Attr Name="UsedIn" Val="implementation"/>
        <Attr Name="UsedIn" Val="simulation"/>
      </FileInfo>
    </File>
    <File Path="$PPRDIR/../decoder3x8.v">
      <FileInfo>
        <Attr Name="UsedIn" Val="synthesis"/>
        <Attr Name="UsedIn" Val="implementation"/>
        <Attr Name="UsedIn" Val="simulation"/>
      </FileInfo>
    </File>
    <File Path="$PPRDIR/../SevenSegment.v">
      <FileInfo>
        <Attr Name="UsedIn" Val="synthesis"/>
        <Attr Name="UsedIn" Val="implementation"/>
        <Attr Name="UsedIn" Val="simulation"/>
      </FileInfo>
    </File>
    <File Path="$PPRDIR/../SevenSegmentControl.v">
      <FileInfo>
        <Attr Name="UsedIn" Val="synthesis"/>
        <Attr Name="UsedIn" Val="implementation"/>
        <Attr Name="UsedIn" Val="simulation"/>
      </FileInfo>
    </File>
    <File Path="$PPRDIR/../SevenSegmentControlTop.v">
      <FileInfo>
        <Attr Name="UsedIn" Val="synthesis"/>
        <Attr Name="UsedIn" Val="implementation"/>
        <Attr Name="UsedIn" Val="simulation"/>
      </FileInfo>
    </File>
    <File Path="$PPRDIR/../register4.v">
      <FileInfo>
        <Attr Name="AutoDisabled" Val="1"/>
        <Attr Name="UsedIn" Val="synthesis"/>
        <Attr Name="UsedIn" Val="implementation"/>
        <Attr Name="UsedIn" Val="simulation"/>
      </FileInfo>
    </File>
    <Config>
      <Option Name="DesignMode" Val="RTL"/>
      <Option Name="TopModule" Val="SevenSegmentControlTop"/>
      <Option Name="TopAutoSet" Val="TRUE"/>
    </Config>
  </FileSet>
  <FileSet Name="constrs_in" Type="Constrs" RelSrcDir="$PSRCDIR/constrs_1">
    <Filter Type="Constrs"/>
    <File Path="$PPRDIR/../nexys4_220.xdc">
      <FileInfo>
        <Attr Name="UsedIn" Val="synthesis"/>
        <Attr Name="UsedIn" Val="implementation"/>
      </FileInfo>
    </File>
    <Config>
      <Option Name="ConstrsType" Val="XDC"/>
    </Config>
  </FileSet>
  <Strategy Version="1" Minor="2">
    <StratHandle Name="Vivado Implementation Defaults" Flow="Vivado Implementation 2016"/>
    <Step Id="init_design"/>
    <Step Id="opt_design"/>
    <Step Id="power_opt_design"/>
    <Step Id="place_design"/>
    <Step Id="post_place_power_opt_design"/>
    <Step Id="phys_opt_design"/>
    <Step Id="route_design"/>
    <Step Id="post_route_phys_opt_design"/>
    <Step Id="write_bitstream"/>
  </Strategy>
</GenRun>
