<?xml version="1.0" encoding="UTF-8"?>
<GenRun Id="impl_1" LaunchPart="xc7a100tcsg324-1" LaunchTime="1510342022">
  <File Type="PWROPT-DRC" Name="PWM_Top_drc_pwropted.rpt"/>
  <File Type="OPT-METHODOLOGY-DRC" Name="PWM_Top_methodology_drc_opted.rpt"/>
  <File Type="INIT-TIMING" Name="PWM_Top_timing_summary_init.rpt"/>
  <File Type="ROUTE-PWR-RPX" Name="PWM_Top_power_routed.rpx"/>
  <File Type="PA-TCL" Name="PWM_Top.tcl"/>
  <File Type="OPT-HWDEF" Name="PWM_Top.hwdef"/>
  <File Type="RDI-RDI" Name="PWM_Top.vdi"/>
  <File Type="OPT-DCP" Name="PWM_Top_opt.dcp"/>
  <File Type="OPT-DRC" Name="PWM_Top_drc_opted.rpt"/>
  <File Type="OPT-TIMING" Name="PWM_Top_timing_summary_opted.rpt"/>
  <File Type="PWROPT-DCP" Name="PWM_Top_pwropt.dcp"/>
  <File Type="PWROPT-TIMING" Name="PWM_Top_timing_summary_pwropted.rpt"/>
  <File Type="PLACE-DCP" Name="PWM_Top_placed.dcp"/>
  <File Type="PLACE-IO" Name="PWM_Top_io_placed.rpt"/>
  <File Type="PLACE-CLK" Name="PWM_Top_clock_utilization_placed.rpt"/>
  <File Type="PLACE-UTIL" Name="PWM_Top_utilization_placed.rpt"/>
  <File Type="PLACE-UTIL-PB" Name="PWM_Top_utilization_placed.pb"/>
  <File Type="PLACE-CTRL" Name="PWM_Top_control_sets_placed.rpt"/>
  <File Type="PLACE-SIMILARITY" Name="PWM_Top_incremental_reuse_placed.rpt"/>
  <File Type="PLACE-PRE-SIMILARITY" Name="PWM_Top_incremental_reuse_pre_placed.rpt"/>
  <File Type="PLACE-TIMING" Name="PWM_Top_timing_summary_placed.rpt"/>
  <File Type="POSTPLACE-PWROPT-DCP" Name="PWM_Top_postplace_pwropt.dcp"/>
  <File Type="POSTPLACE-PWROPT-TIMING" Name="PWM_Top_timing_summary_postplace_pwropted.rpt"/>
  <File Type="PHYSOPT-DCP" Name="PWM_Top_physopt.dcp"/>
  <File Type="PHYSOPT-DRC" Name="PWM_Top_drc_physopted.rpt"/>
  <File Type="PHYSOPT-TIMING" Name="PWM_Top_timing_summary_physopted.rpt"/>
  <File Type="ROUTE-ERROR-DCP" Name="PWM_Top_routed_error.dcp"/>
  <File Type="ROUTE-DCP" Name="PWM_Top_routed.dcp"/>
  <File Type="ROUTE-BLACKBOX-DCP" Name="PWM_Top_routed_bb.dcp"/>
  <File Type="ROUTE-DRC" Name="PWM_Top_drc_routed.rpt"/>
  <File Type="ROUTE-DRC-PB" Name="PWM_Top_drc_routed.pb"/>
  <File Type="BG-BIN" Name="PWM_Top.bin"/>
  <File Type="ROUTE-DRC-RPX" Name="PWM_Top_drc_routed.rpx"/>
  <File Type="BG-DRC" Name="PWM_Top.drc"/>
  <File Type="ROUTE-METHODOLOGY-DRC" Name="PWM_Top_methodology_drc_routed.rpt"/>
  <File Type="BITSTR-MSK" Name="PWM_Top.msk"/>
  <File Type="ROUTE-METHODOLOGY-DRC-RPX" Name="PWM_Top_methodology_drc_routed.rpx"/>
  <File Type="BG-BGN" Name="PWM_Top.bgn"/>
  <File Type="ROUTE-METHODOLOGY-DRC-PB" Name="PWM_Top_methodology_drc_routed.pb"/>
  <File Type="ROUTE-PWR" Name="PWM_Top_power_routed.rpt"/>
  <File Type="ROUTE-PWR-SUM" Name="PWM_Top_power_summary_routed.pb"/>
  <File Type="ROUTE-STATUS" Name="PWM_Top_route_status.rpt"/>
  <File Type="ROUTE-STATUS-PB" Name="PWM_Top_route_status.pb"/>
  <File Type="ROUTE-TIMINGSUMMARY" Name="PWM_Top_timing_summary_routed.rpt"/>
  <File Type="ROUTE-TIMING-PB" Name="PWM_Top_timing_summary_routed.pb"/>
  <File Type="ROUTE-TIMING-RPX" Name="PWM_Top_timing_summary_routed.rpx"/>
  <File Type="ROUTE-SIMILARITY" Name="PWM_Top_incremental_reuse_routed.rpt"/>
  <File Type="ROUTE-CLK" Name="PWM_Top_clock_utilization_routed.rpt"/>
  <File Type="POSTROUTE-PHYSOPT-DCP" Name="PWM_Top_postroute_physopt.dcp"/>
  <File Type="POSTROUTE-PHYSOPT-BLACKBOX-DCP" Name="PWM_Top_postroute_physopt_bb.dcp"/>
  <File Type="POSTROUTE-PHYSOPT-TIMING" Name="PWM_Top_timing_summary_postroute_physopted.rpt"/>
  <File Type="POSTROUTE-PHYSOPT-TIMING-PB" Name="PWM_Top_timing_summary_postroute_physopted.pb"/>
  <File Type="POSTROUTE-PHYSOPT-TIMING-RPX" Name="PWM_Top_timing_summary_postroute_physopted.rpx"/>
  <File Type="BG-BIT" Name="PWM_Top.bit"/>
  <File Type="BITSTR-RBT" Name="PWM_Top.rbt"/>
  <File Type="BITSTR-NKY" Name="PWM_Top.nky"/>
  <File Type="BITSTR-BMM" Name="PWM_Top_bd.bmm"/>
  <File Type="BITSTR-MMI" Name="PWM_Top.mmi"/>
  <File Type="BITSTR-SYSDEF" Name="PWM_Top.sysdef"/>
  <File Type="WBT-USG" Name="usage_statistics_webtalk.html"/>
  <FileSet Name="sources" Type="DesignSrcs" RelSrcDir="$PSRCDIR/sources_1">
    <Filter Type="Srcs"/>
    <File Path="$PSRCDIR/sources_1/imports/Lab 8/decoder3x8.v">
      <FileInfo>
        <Attr Name="ImportPath" Val="$PPRDIR/../../Lab 8/decoder3x8.v"/>
        <Attr Name="ImportTime" Val="1510186612"/>
        <Attr Name="UsedIn" Val="synthesis"/>
        <Attr Name="UsedIn" Val="implementation"/>
        <Attr Name="UsedIn" Val="simulation"/>
      </FileInfo>
    </File>
    <File Path="$PSRCDIR/sources_1/imports/Lab 8/SevenSegment.v">
      <FileInfo>
        <Attr Name="ImportPath" Val="$PPRDIR/../../Lab 8/SevenSegment.v"/>
        <Attr Name="ImportTime" Val="1509614426"/>
        <Attr Name="UsedIn" Val="synthesis"/>
        <Attr Name="UsedIn" Val="implementation"/>
        <Attr Name="UsedIn" Val="simulation"/>
      </FileInfo>
    </File>
    <File Path="$PSRCDIR/sources_1/imports/Lab 8/mux8x3.v">
      <FileInfo>
        <Attr Name="ImportPath" Val="$PPRDIR/../../Lab 8/mux8x3.v"/>
        <Attr Name="ImportTime" Val="1510187232"/>
        <Attr Name="UsedIn" Val="synthesis"/>
        <Attr Name="UsedIn" Val="implementation"/>
        <Attr Name="UsedIn" Val="simulation"/>
      </FileInfo>
    </File>
    <File Path="$PPRDIR/../PWM.v">
      <FileInfo>
        <Attr Name="UsedIn" Val="synthesis"/>
        <Attr Name="UsedIn" Val="implementation"/>
        <Attr Name="UsedIn" Val="simulation"/>
      </FileInfo>
    </File>
    <File Path="$PSRCDIR/sources_1/imports/Lab 8/SevenSegmentControl.v">
      <FileInfo>
        <Attr Name="ImportPath" Val="$PPRDIR/../../Lab 8/SevenSegmentControl.v"/>
        <Attr Name="ImportTime" Val="1510187417"/>
        <Attr Name="UsedIn" Val="synthesis"/>
        <Attr Name="UsedIn" Val="implementation"/>
        <Attr Name="UsedIn" Val="simulation"/>
      </FileInfo>
    </File>
    <File Path="$PSRCDIR/sources_1/imports/Lab 9/PWM_Top.v">
      <FileInfo>
        <Attr Name="ImportPath" Val="$PPRDIR/../PWM_Top.v"/>
        <Attr Name="ImportTime" Val="1510195371"/>
        <Attr Name="UsedIn" Val="synthesis"/>
        <Attr Name="UsedIn" Val="implementation"/>
        <Attr Name="UsedIn" Val="simulation"/>
      </FileInfo>
    </File>
    <Config>
      <Option Name="DesignMode" Val="RTL"/>
      <Option Name="TopModule" Val="PWM_Top"/>
      <Option Name="TopAutoSet" Val="TRUE"/>
    </Config>
  </FileSet>
  <FileSet Name="constrs_in" Type="Constrs" RelSrcDir="$PSRCDIR/constrs_1">
    <Filter Type="Constrs"/>
    <File Path="$PPRDIR/../nexys4_220.xdc">
      <FileInfo>
        <Attr Name="UsedIn" Val="synthesis"/>
        <Attr Name="UsedIn" Val="implementation"/>
      </FileInfo>
    </File>
    <Config>
      <Option Name="ConstrsType" Val="XDC"/>
    </Config>
  </FileSet>
  <Strategy Version="1" Minor="2">
    <StratHandle Name="Vivado Implementation Defaults" Flow="Vivado Implementation 2016"/>
    <Step Id="init_design"/>
    <Step Id="opt_design"/>
    <Step Id="power_opt_design"/>
    <Step Id="place_design"/>
    <Step Id="post_place_power_opt_design"/>
    <Step Id="phys_opt_design"/>
    <Step Id="route_design"/>
    <Step Id="post_route_phys_opt_design"/>
    <Step Id="write_bitstream"/>
  </Strategy>
</GenRun>
