<?xml version="1.0" encoding="UTF-8"?>
<GenRun Id="synth_1" LaunchPart="xc7a100tcsg324-1" LaunchTime="1510341968">
  <File Type="RDS-PROPCONSTRS" Name="PWM_Top_drc_synth.rpt"/>
  <File Type="PA-TCL" Name="PWM_Top.tcl"/>
  <File Type="RDS-RDS" Name="PWM_Top.vds"/>
  <File Type="RDS-UTIL" Name="PWM_Top_utilization_synth.rpt"/>
  <File Type="RDS-UTIL-PB" Name="PWM_Top_utilization_synth.pb"/>
  <File Type="RDS-DCP" Name="PWM_Top.dcp"/>
  <File Type="VDS-TIMINGSUMMARY" Name="PWM_Top_timing_summary_synth.rpt"/>
  <File Type="VDS-TIMING-PB" Name="PWM_Top_timing_summary_synth.pb"/>
  <FileSet Name="sources" Type="DesignSrcs" RelSrcDir="$PSRCDIR/sources_1">
    <Filter Type="Srcs"/>
    <File Path="$PSRCDIR/sources_1/imports/Lab 8/decoder3x8.v">
      <FileInfo>
        <Attr Name="ImportPath" Val="$PPRDIR/../../Lab 8/decoder3x8.v"/>
        <Attr Name="ImportTime" Val="1510186612"/>
        <Attr Name="UsedIn" Val="synthesis"/>
        <Attr Name="UsedIn" Val="implementation"/>
        <Attr Name="UsedIn" Val="simulation"/>
      </FileInfo>
    </File>
    <File Path="$PSRCDIR/sources_1/imports/Lab 8/SevenSegment.v">
      <FileInfo>
        <Attr Name="ImportPath" Val="$PPRDIR/../../Lab 8/SevenSegment.v"/>
        <Attr Name="ImportTime" Val="1509614426"/>
        <Attr Name="UsedIn" Val="synthesis"/>
        <Attr Name="UsedIn" Val="implementation"/>
        <Attr Name="UsedIn" Val="simulation"/>
      </FileInfo>
    </File>
    <File Path="$PSRCDIR/sources_1/imports/Lab 8/mux8x3.v">
      <FileInfo>
        <Attr Name="ImportPath" Val="$PPRDIR/../../Lab 8/mux8x3.v"/>
        <Attr Name="ImportTime" Val="1510187232"/>
        <Attr Name="UsedIn" Val="synthesis"/>
        <Attr Name="UsedIn" Val="implementation"/>
        <Attr Name="UsedIn" Val="simulation"/>
      </FileInfo>
    </File>
    <File Path="$PPRDIR/../PWM.v">
      <FileInfo>
        <Attr Name="UsedIn" Val="synthesis"/>
        <Attr Name="UsedIn" Val="implementation"/>
        <Attr Name="UsedIn" Val="simulation"/>
      </FileInfo>
    </File>
    <File Path="$PSRCDIR/sources_1/imports/Lab 8/SevenSegmentControl.v">
      <FileInfo>
        <Attr Name="ImportPath" Val="$PPRDIR/../../Lab 8/SevenSegmentControl.v"/>
        <Attr Name="ImportTime" Val="1510187417"/>
        <Attr Name="UsedIn" Val="synthesis"/>
        <Attr Name="UsedIn" Val="implementation"/>
        <Attr Name="UsedIn" Val="simulation"/>
      </FileInfo>
    </File>
    <File Path="$PSRCDIR/sources_1/imports/Lab 9/PWM_Top.v">
      <FileInfo>
        <Attr Name="ImportPath" Val="$PPRDIR/../PWM_Top.v"/>
        <Attr Name="ImportTime" Val="1510195371"/>
        <Attr Name="UsedIn" Val="synthesis"/>
        <Attr Name="UsedIn" Val="implementation"/>
        <Attr Name="UsedIn" Val="simulation"/>
      </FileInfo>
    </File>
    <Config>
      <Option Name="DesignMode" Val="RTL"/>
      <Option Name="TopModule" Val="PWM_Top"/>
      <Option Name="TopAutoSet" Val="TRUE"/>
    </Config>
  </FileSet>
  <FileSet Name="constrs_in" Type="Constrs" RelSrcDir="$PSRCDIR/constrs_1">
    <Filter Type="Constrs"/>
    <File Path="$PPRDIR/../nexys4_220.xdc">
      <FileInfo>
        <Attr Name="UsedIn" Val="synthesis"/>
        <Attr Name="UsedIn" Val="implementation"/>
      </FileInfo>
    </File>
    <Config>
      <Option Name="ConstrsType" Val="XDC"/>
    </Config>
  </FileSet>
  <Strategy Version="1" Minor="2">
    <StratHandle Name="Vivado Synthesis Defaults" Flow="Vivado Synthesis 2016"/>
    <Step Id="synth_design"/>
  </Strategy>
</GenRun>
